url,domain,checked_at,ok,status_code,final_url,content_type,title,elapsed_seconds,error
https://cepi.net/university-oxford-launches-worlds-first-phase-ii-nipah-virus-vaccine-trial,cepi.net,2026-09-07T13:33:28Z,True,200,https://cepi.net/university-oxford-launches-worlds-first-phase-ii-nipah-virus-vaccine-trial,text/html,University of Oxford launches world’s first Phase II Nipah virus vaccine trial,0.694,
https://www.ox.ac.uk/news/2025-12-15-worlds-first-phase-ii-nipah-virus-vaccine-trial-launch,www.ox.ac.uk,2026-09-07T13:33:28Z,False,403,https://www.ox.ac.uk/news/2025-12-15-worlds-first-phase-ii-nipah-virus-vaccine-trial-launch,text/html; charset=UTF-8,Just a moment...,0.266,
https://cepi.net/establishing-worlds-largest-nipah-virus-vaccine-reserve,cepi.net,2026-09-07T13:33:29Z,True,200,https://cepi.net/establishing-worlds-largest-nipah-virus-vaccine-reserve,text/html,Establishing the world’s largest Nipah virus vaccine reserve,2.617,
https://www.isrctn.com/ISRCTN87634044,www.isrctn.com,2026-09-07T13:33:31Z,True,200,https://www.isrctn.com/holding,text/html; charset=UTF-8,ISRCTN,0.423,
https://www.isrctn.com/ISRCTN62461807,www.isrctn.com,2026-09-07T13:33:32Z,True,200,https://www.isrctn.com/holding,text/html; charset=UTF-8,ISRCTN,0.373,
https://europepmc.org/search?query=%22ChAdOx1%20NipahB%22%20OR%20%22ChAdOx1%20NiV%22,europepmc.org,2026-09-07T13:33:32Z,False,403,https://europepmc.org/search?query=%22ChAdOx1%20NipahB%22%20OR%20%22ChAdOx1%20NiV%22,text/html; charset=iso-8859-1,403 Forbidden,0.312,
https://cepi.net/new-vaccine-set-human-trials-nipah-outbreak-hotspot,cepi.net,2026-09-07T13:33:32Z,True,200,https://cepi.net/new-vaccine-set-human-trials-nipah-outbreak-hotspot,text/html,New vaccine set for human trials in Nipah outbreak hotspot,0.783,
https://cepi-tr.tghn.org/priority-diseases/nipah/,cepi-tr.tghn.org,2026-09-07T13:33:33Z,True,200,https://cepi-tr.tghn.org/priority-diseases/nipah/,text/html; charset=utf-8,Nipah virus • CEPI Technical Resources,0.952,
https://phvaccines.com/PHV02.html,phvaccines.com,2026-09-07T13:33:34Z,True,200,https://phvaccines.com/PHV02.html,text/html,"PHV02 | Public Health Vaccines, LLC",0.317,
https://clinicaltrials.gov/study/NCT05178901,clinicaltrials.gov,2026-09-07T13:33:34Z,True,200,https://clinicaltrials.gov/study/NCT05178901,text/html,ClinicalTrials.gov,0.23,
https://clinicaltrials.gov/study/NCT06221813,clinicaltrials.gov,2026-09-07T13:33:35Z,True,200,https://clinicaltrials.gov/study/NCT06221813,text/html,ClinicalTrials.gov,0.163,
https://europepmc.org/search?query=PHV02%20Nipah%20vaccine,europepmc.org,2026-09-07T13:33:35Z,False,403,https://europepmc.org/search?query=PHV02%20Nipah%20vaccine,text/html; charset=iso-8859-1,403 Forbidden,0.221,
https://pubmed.ncbi.nlm.nih.gov/41248666/,pubmed.ncbi.nlm.nih.gov,2026-09-07T13:33:35Z,True,203,https://pubmed.ncbi.nlm.nih.gov/41248666/,text/html; charset=utf-8,pubmed.ncbi.nlm.nih.gov,0.168,
https://doi.org/10.1016/S0140-6736(25)01390-X,doi.org,2026-09-07T13:33:35Z,False,403,https://www.sciencedirect.com/science/article/pii/S014067362501390X,text/html; charset=UTF-8,ScienceDirect,0.821,
https://clinicaltrials.gov/study/NCT04199169,clinicaltrials.gov,2026-09-07T13:33:36Z,True,200,https://clinicaltrials.gov/study/NCT04199169,text/html,ClinicalTrials.gov,0.121,
https://cepi.net/cepi-funded-nipah-virus-vaccine-candidate-first-reach-phase-1-clinical-trial,cepi.net,2026-09-07T13:33:36Z,True,200,https://cepi.net/cepi-funded-nipah-virus-vaccine-candidate-first-reach-phase-1-clinical-trial,text/html,CEPI-funded Nipah virus vaccine candidate first to reach Phase 1 clinical trial,0.724,
https://www.nature.com/articles/s41541-021-00284-w,www.nature.com,2026-09-07T13:33:37Z,True,200,https://www.nature.com/articles/s41541-021-00284-w,text/html; charset=utf-8,A single dose investigational subunit vaccine for human use against Nipah virus and Hendra virus | npj Vaccines,1.341,
https://europepmc.org/search?query=%22HeV-sG-V%22%20Nipah%20vaccine,europepmc.org,2026-09-07T13:33:38Z,False,403,https://europepmc.org/search?query=%22HeV-sG-V%22%20Nipah%20vaccine,text/html; charset=iso-8859-1,403 Forbidden,0.362,
https://www.nature.com/articles/s41591-026-04265-1,www.nature.com,2026-09-07T13:33:39Z,True,200,https://www.nature.com/articles/s41591-026-04265-1,text/html; charset=utf-8,A structure-based mRNA vaccine for Nipah virus in healthy adults: a phase 1 trial | Nature Medicine,1.229,
https://pubmed.ncbi.nlm.nih.gov/41820674/,pubmed.ncbi.nlm.nih.gov,2026-09-07T13:33:40Z,True,203,https://pubmed.ncbi.nlm.nih.gov/41820674/,text/html; charset=utf-8,pubmed.ncbi.nlm.nih.gov,0.179,
https://clinicaltrials.gov/study/NCT05398796,clinicaltrials.gov,2026-09-07T13:33:40Z,True,200,https://clinicaltrials.gov/study/NCT05398796,text/html,ClinicalTrials.gov,0.161,
https://www.nih.gov/news-events/news-releases/nih-launches-clinical-trial-mrna-nipah-virus-vaccine,www.nih.gov,2026-09-07T13:33:40Z,True,200,https://www.nih.gov/news-events/news-releases/nih-launches-clinical-trial-mrna-nipah-virus-vaccine,text/html; charset=UTF-8,NIH launches clinical trial of mRNA Nipah virus vaccine | National Institutes of Health (NIH),0.232,
https://europepmc.org/search?query=%22mRNA-1215%22%20Nipah,europepmc.org,2026-09-07T13:33:40Z,False,403,https://europepmc.org/search?query=%22mRNA-1215%22%20Nipah,text/html; charset=iso-8859-1,403 Forbidden,0.159,
https://cepi.net/ai-enhanced-self-amplifying-mrna-vaccine-set-combat-one-deadliest-known-viruses,cepi.net,2026-09-07T13:33:41Z,True,200,https://cepi.net/ai-enhanced-self-amplifying-mrna-vaccine-set-combat-one-deadliest-known-viruses,text/html,AI-enhanced self-amplifying mRNA vaccine set to combat one of the deadliest known viruses,0.738,
https://gennova.bio/,gennova.bio,2026-09-07T13:33:41Z,True,200,https://gennova.bio/,text/html; charset=UTF-8,Transforming Healthcare,2.317,
https://europepmc.org/search?query=Gennova%20self-amplifying%20mRNA%20Nipah%20vaccine,europepmc.org,2026-09-07T13:33:44Z,False,403,https://europepmc.org/search?query=Gennova%20self-amplifying%20mRNA%20Nipah%20vaccine,text/html; charset=iso-8859-1,403 Forbidden,0.145,
https://www.euvaccine.eu/post/evi-supports-first-in-human-clinical-trial-of-novel-nipah-virus-vaccine,www.euvaccine.eu,2026-09-07T13:33:44Z,True,200,https://www.euvaccine.eu/post/evi-supports-first-in-human-clinical-trial-of-novel-nipah-virus-vaccine,text/html; charset=UTF-8,EVI supports first-in-human clinical trial of novel Nipah virus vaccine,1.157,
https://euclinicaltrials.eu/search-for-clinical-trials/?lang=en,euclinicaltrials.eu,2026-09-07T13:33:45Z,True,200,https://euclinicaltrials.eu/search-for-clinical-trials/?lang=en,text/html,Search for clinical trials - EMA,0.998,
https://www.biosafety.be/content/mv-niv-recombinant-measles-virus-vector-vaccine-against-nipah-virus,www.biosafety.be,2026-09-07T13:33:46Z,False,404,https://www.biosafety.be/content/mv-niv-recombinant-measles-virus-vector-vaccine-against-nipah-virus,text/html; charset=utf-8,Page not found | Belgian Biosafety Server,1.277,
https://europepmc.org/search?query=%22MV-NiV%22%20Nipah%20vaccine,europepmc.org,2026-09-07T13:33:47Z,False,403,https://europepmc.org/search?query=%22MV-NiV%22%20Nipah%20vaccine,text/html; charset=iso-8859-1,403 Forbidden,0.153,
https://pubmed.ncbi.nlm.nih.gov/38471503/,pubmed.ncbi.nlm.nih.gov,2026-09-07T13:33:47Z,True,200,https://pubmed.ncbi.nlm.nih.gov/38471503/,text/html; charset=utf-8,A vaccine targeting antigen-presenting cells through CD40 induces protective immunity against Nipah disease,1.055,
https://europepmc.org/search?query=CD40%20Nipah%20vaccine,europepmc.org,2026-09-07T13:33:48Z,False,403,https://europepmc.org/search?query=CD40%20Nipah%20vaccine,text/html; charset=iso-8859-1,403 Forbidden,0.365,
https://www.nature.com/articles/s41541-024-00943-y,www.nature.com,2026-09-07T13:33:49Z,False,404,https://www.nature.com/articles/s41541-024-00943-y,text/html; charset=utf-8,Page Not Found | nature.com,1.067,
https://www.sciencedirect.com/science/article/pii/S1995820X2400144X,www.sciencedirect.com,2026-09-07T13:33:50Z,False,403,https://www.sciencedirect.com/science/article/pii/S1995820X2400144X,text/html; charset=UTF-8,ScienceDirect,0.184,
https://europepmc.org/search?query=Nipah%20nanoparticle%20vaccine,europepmc.org,2026-09-07T13:33:50Z,False,403,https://europepmc.org/search?query=Nipah%20nanoparticle%20vaccine,text/html; charset=iso-8859-1,403 Forbidden,0.202,
https://pmc.ncbi.nlm.nih.gov/articles/PMC12062192/,pmc.ncbi.nlm.nih.gov,2026-09-07T13:33:50Z,True,200,https://pmc.ncbi.nlm.nih.gov/articles/PMC12062192/,text/html; charset=utf-8,Therapeutics for Nipah virus disease: a systematic review to support prioritisation of drug candidates for clinical trials - PMC,0.465,
https://europepmc.org/search?query=broad%20henipavirus%20Fc%20vaccine,europepmc.org,2026-09-07T13:33:51Z,False,403,https://europepmc.org/search?query=broad%20henipavirus%20Fc%20vaccine,text/html; charset=iso-8859-1,403 Forbidden,0.179,
https://www.nature.com/articles/s41541-017-0023-7,www.nature.com,2026-09-07T13:33:51Z,True,200,https://www.nature.com/articles/s41541-017-0023-7,text/html; charset=utf-8,A VLP-based vaccine provides complete protection against Nipah virus challenge following multiple-dose or single-dose vaccination schedules in a hamster model | npj Vaccines,1.366,
https://www.researchgate.net/publication/318988373_A_VLP-based_vaccine_provides_complete_protection_against_Nipah_virus_challenge_following_multiple-dose_or_single-dose_vaccination_schedules_in_a_hamster_model,www.researchgate.net,2026-09-07T13:33:52Z,False,403,https://www.researchgate.net/publication/318988373_A_VLP-based_vaccine_provides_complete_protection_against_Nipah_virus_challenge_following_multiple-dose_or_single-dose_vaccination_schedules_in_a_hamster_model,text/html; charset=UTF-8,ResearchGate - Temporarily Unavailable,0.07,
https://europepmc.org/search?query=Nipah%20virus-like%20particle%20vaccine,europepmc.org,2026-09-07T13:33:52Z,False,403,https://europepmc.org/search?query=Nipah%20virus-like%20particle%20vaccine,text/html; charset=iso-8859-1,403 Forbidden,0.141,
https://www.pirbright.ac.uk/our-science/research-projects/dna-launched-nipah-virus-vaccines-and-therapeutics,www.pirbright.ac.uk,2026-09-07T13:33:52Z,True,200,https://www.pirbright.ac.uk/our-science/research-projects/dna-launched-nipah-virus-vaccines-and-therapeutics,text/html; charset=UTF-8,DNA-launched Nipah virus vaccines and therapeutics | Research project | The Pirbright Institute,0.672,
https://gtr.ukri.org/projects?ref=UKRI999,gtr.ukri.org,2026-09-07T13:33:53Z,True,200,https://gtr.ukri.org/projects?ref=UKRI999,text/html;charset=UTF-8,GtR,0.47,
https://europepmc.org/search?query=DNA-launched%20Nipah%20virus%20vaccines%20therapeutics,europepmc.org,2026-09-07T13:33:54Z,False,403,https://europepmc.org/search?query=DNA-launched%20Nipah%20virus%20vaccines%20therapeutics,text/html; charset=iso-8859-1,403 Forbidden,0.228,
https://pmc.ncbi.nlm.nih.gov/articles/PMC4829066/,pmc.ncbi.nlm.nih.gov,2026-09-07T13:33:54Z,True,200,https://pmc.ncbi.nlm.nih.gov/articles/PMC4829066/,text/html; charset=utf-8,Checking your browser - reCAPTCHA,0.139,
https://pubmed.ncbi.nlm.nih.gov/25865472/,pubmed.ncbi.nlm.nih.gov,2026-09-07T13:33:54Z,True,200,https://pubmed.ncbi.nlm.nih.gov/25865472/,text/html; charset=utf-8,Single-dose live-attenuated vesicular stomatitis virus-based vaccine protects African green monkeys from Nipah virus disease,0.386,
https://www.niaid.nih.gov/research/vsv-based-nipah-virus-vaccine,www.niaid.nih.gov,2026-09-07T13:33:54Z,False,403,https://www.niaid.nih.gov/research/vsv-based-nipah-virus-vaccine,text/html,403 Forbidden,0.208,
https://europepmc.org/search?query=live%20attenuated%20Nipah%20vaccine,europepmc.org,2026-09-07T13:33:55Z,False,403,https://europepmc.org/search?query=live%20attenuated%20Nipah%20vaccine,text/html; charset=iso-8859-1,403 Forbidden,0.259,
https://news.zoetis.com/press-releases/press-release-details/2015/Hendra-Virus-Vaccine-Now-Fully-Registered-in-Australia/default.aspx,news.zoetis.com,2026-09-07T13:33:55Z,True,200,https://news.zoetis.com/press-releases/press-release-details/2015/Hendra-Virus-Vaccine-Now-Fully-Registered-in-Australia/default.aspx,text/html; charset=utf-8,Zoetis - Hendra Virus Vaccine Now Fully Registered in Australia,0.718,
https://pmc.ncbi.nlm.nih.gov/articles/PMC3944873/,pmc.ncbi.nlm.nih.gov,2026-09-07T13:33:55Z,True,200,https://pmc.ncbi.nlm.nih.gov/articles/PMC3944873/,text/html; charset=utf-8,Checking your browser - reCAPTCHA,0.142,
https://www.csiro.au/en/news/all/articles/2012/november/hendra-vaccine,www.csiro.au,2026-09-07T13:33:56Z,False,404,https://www.csiro.au/en/news/all/articles/2012/november/hendra-vaccine,text/html; charset=utf-8,404 - Page not found - CSIRO,2.35,
https://europepmc.org/search?query=Equivac%20HeV%20Hendra%20vaccine,europepmc.org,2026-09-07T13:33:58Z,False,403,https://europepmc.org/search?query=Equivac%20HeV%20Hendra%20vaccine,text/html; charset=iso-8859-1,403 Forbidden,0.195,
https://www.who.int/teams/blueprint/nipah-henipaviruses,www.who.int,2026-09-07T13:33:58Z,True,200,https://www.who.int/teams/blueprint/nipah-henipaviruses,text/html; charset=utf-8,Blueprint,0.974,
https://pubmed.ncbi.nlm.nih.gov/39967899/,pubmed.ncbi.nlm.nih.gov,2026-09-07T13:33:59Z,True,203,https://pubmed.ncbi.nlm.nih.gov/39967899/,text/html; charset=utf-8,pubmed.ncbi.nlm.nih.gov,0.187,
https://pmc.ncbi.nlm.nih.gov/articles/PMC10223282/,pmc.ncbi.nlm.nih.gov,2026-09-07T13:33:59Z,True,200,https://pmc.ncbi.nlm.nih.gov/articles/PMC10223282/,text/html; charset=utf-8,Checking your browser - reCAPTCHA,0.176,
https://pmc.ncbi.nlm.nih.gov/articles/PMC11105800/,pmc.ncbi.nlm.nih.gov,2026-09-07T13:34:00Z,True,200,https://pmc.ncbi.nlm.nih.gov/articles/PMC11105800/,text/html; charset=utf-8,An in vivo BSL-2 model for henipavirus infection based on bioluminescence imaging of recombinant Cedar virus replication in mice - PMC,0.306,
https://grantome.com/grant/NIH/R21-AI137813-02,grantome.com,2026-09-07T13:34:00Z,True,200,https://grantome.com/grant/NIH/R21-AI137813-02,text/html; charset=UTF-8,A Recombinant Cedar Virus-based Henipavirus Replication Platform for High-throughput Inhibitor Screening - Christopher Broder,10.9,
https://europepmc.org/search?query=Cedar%20virus%20surrogate%20henipavirus,europepmc.org,2026-09-07T13:34:11Z,False,403,https://europepmc.org/search?query=Cedar%20virus%20surrogate%20henipavirus,text/html; charset=iso-8859-1,403 Forbidden,0.286,
https://pubmed.ncbi.nlm.nih.gov/36040175/,pubmed.ncbi.nlm.nih.gov,2026-09-07T13:34:11Z,True,200,https://pubmed.ncbi.nlm.nih.gov/36040175/,text/html; charset=utf-8,"Discovery and Genomic Characterization of a Novel Henipavirus, Angavokely Virus, from Fruit Bats in Madagascar",0.393,
https://journals.asm.org/doi/10.1128/jvi.00921-22,journals.asm.org,2026-09-07T13:34:11Z,False,403,https://journals.asm.org/doi/10.1128/jvi.00921-22,text/html; charset=UTF-8,Just a moment...,0.159,
https://pmc.ncbi.nlm.nih.gov/articles/PMC12197635/,pmc.ncbi.nlm.nih.gov,2026-09-07T13:34:12Z,True,200,https://pmc.ncbi.nlm.nih.gov/articles/PMC12197635/,text/html; charset=utf-8,Checking your browser - reCAPTCHA,0.134,
https://europepmc.org/search?query=Ghanaian%20bat%20henipavirus%20Mojiang%20Angavokely%20vaccine,europepmc.org,2026-09-07T13:34:12Z,False,403,https://europepmc.org/search?query=Ghanaian%20bat%20henipavirus%20Mojiang%20Angavokely%20vaccine,text/html; charset=iso-8859-1,403 Forbidden,0.174,
https://wwwnc.cdc.gov/eid/article/31/9/25-0470_article,wwwnc.cdc.gov,2026-09-07T13:34:12Z,True,200,https://wwwnc.cdc.gov/eid/article/31/9/25-0470_article,text/html; charset=utf-8,"Novel Henipavirus, Salt Gully Virus, Isolated from Pteropid Bats, Australia - Volume 31, Number 9—September 2025 - Emerging Infectious Diseases journal - CDC",0.925,
https://pmc.ncbi.nlm.nih.gov/articles/PMC12407197/,pmc.ncbi.nlm.nih.gov,2026-09-07T13:34:13Z,True,200,https://pmc.ncbi.nlm.nih.gov/articles/PMC12407197/,text/html; charset=utf-8,Checking your browser - reCAPTCHA,0.168,
https://www.csiro.au/en/news/all/news/2025/september/salt-gully-virus,www.csiro.au,2026-09-07T13:34:13Z,True,200,https://www.csiro.au/en/news/all/news/2025/september/salt-gully-virus,text/html; charset=utf-8,CSIRO researchers discover new bat-borne virus: Salt Gully virus - CSIRO,2.486,
https://europepmc.org/search?query=%22Salt%20Gully%20virus%22%20henipavirus,europepmc.org,2026-09-07T13:34:15Z,False,403,https://europepmc.org/search?query=%22Salt%20Gully%20virus%22%20henipavirus,text/html; charset=iso-8859-1,403 Forbidden,0.231,
https://pubmed.ncbi.nlm.nih.gov/32027842/,pubmed.ncbi.nlm.nih.gov,2026-09-07T13:34:16Z,True,203,https://pubmed.ncbi.nlm.nih.gov/32027842/,text/html; charset=utf-8,pubmed.ncbi.nlm.nih.gov,0.511,
https://doi.org/10.1016/S1473-3099(19)30634-6,doi.org,2026-09-07T13:34:16Z,False,403,https://www.sciencedirect.com/science/article/pii/S1473309919306346,text/html; charset=UTF-8,ScienceDirect,0.402,
https://www.dha.mil/News/2025/04/25/14/04/USU-developed-monoclonal-antibody-against-Nipah-virus-recognized-as-top-innovation,www.dha.mil,2026-09-07T13:34:17Z,True,200,https://www.dha.mil/News/2025/04/25/14/04/USU-developed-monoclonal-antibody-against-Nipah-virus-recognized-as-top-innovation,text/html; charset=utf-8,USU-developed monoclonal antibody against Nipah virus recognized as top health innovation - DHA.mil,0.814,
https://europepmc.org/search?query=m102.4%20henipavirus%20phase%201,europepmc.org,2026-09-07T13:34:17Z,False,403,https://europepmc.org/search?query=m102.4%20henipavirus%20phase%201,text/html; charset=iso-8859-1,403 Forbidden,0.322,
https://cepi.net/new-human-trials-novel-antibody-offer-hope-immediate-protection-against-deadly-nipah,cepi.net,2026-09-07T13:34:18Z,True,200,https://cepi.net/new-human-trials-novel-antibody-offer-hope-immediate-protection-against-deadly-nipah,text/html,New human trials for novel antibody offer hope for immediate protection against deadly Nipah,0.614,
https://www.science.org/doi/10.1126/scitranslmed.adl2055,www.science.org,2026-09-07T13:34:18Z,False,403,https://www.science.org/doi/10.1126/scitranslmed.adl2055,text/html; charset=UTF-8,Just a moment...,0.469,
https://pubmed.ncbi.nlm.nih.gov/38569014/,pubmed.ncbi.nlm.nih.gov,2026-09-07T13:34:19Z,True,203,https://pubmed.ncbi.nlm.nih.gov/38569014/,text/html; charset=utf-8,pubmed.ncbi.nlm.nih.gov,0.275,
https://europepmc.org/search?query=MBP1F5%20Nipah,europepmc.org,2026-09-07T13:34:19Z,False,403,https://europepmc.org/search?query=MBP1F5%20Nipah,text/html; charset=iso-8859-1,403 Forbidden,0.146,
https://pubmed.ncbi.nlm.nih.gov/31142680/,pubmed.ncbi.nlm.nih.gov,2026-09-07T13:34:19Z,True,203,https://pubmed.ncbi.nlm.nih.gov/31142680/,text/html; charset=utf-8,pubmed.ncbi.nlm.nih.gov,0.162,
https://pmc.ncbi.nlm.nih.gov/articles/PMC10529221/,pmc.ncbi.nlm.nih.gov,2026-09-07T13:34:19Z,True,200,https://pmc.ncbi.nlm.nih.gov/articles/PMC10529221/,text/html; charset=utf-8,Checking your browser - reCAPTCHA,0.131,
https://europepmc.org/search?query=remdesivir%20Nipah%20virus%20African%20green%20monkeys,europepmc.org,2026-09-07T13:34:20Z,False,403,https://europepmc.org/search?query=remdesivir%20Nipah%20virus%20African%20green%20monkeys,text/html; charset=iso-8859-1,403 Forbidden,0.194,
https://www.nature.com/articles/s41598-018-25780-3,www.nature.com,2026-09-07T13:34:20Z,True,200,https://www.nature.com/articles/s41598-018-25780-3,text/html; charset=utf-8,Favipiravir (T-705) protects against Nipah virus infection in the hamster model | Scientific Reports,1.383,
https://journals.plos.org/plosone/article?id=10.1371%2Fjournal.pone.0318912,journals.plos.org,2026-09-07T13:34:21Z,True,200,https://journals.plos.org/plosone/article?id=10.1371%2Fjournal.pone.0318912,text/html;charset=UTF-8,Dose response comparison of Nipah virus strains Malaysia and Bangladesh in hamsters exposed by the intranasal or intraperitoneal route | PLOS One,0.611,
https://pubmed.ncbi.nlm.nih.gov/40354368/,pubmed.ncbi.nlm.nih.gov,2026-09-07T13:34:22Z,True,203,https://pubmed.ncbi.nlm.nih.gov/40354368/,text/html; charset=utf-8,pubmed.ncbi.nlm.nih.gov,0.238,
https://europepmc.org/search?query=favipiravir%20Nipah%20hamster,europepmc.org,2026-09-07T13:34:22Z,False,403,https://europepmc.org/search?query=favipiravir%20Nipah%20hamster,text/html; charset=iso-8859-1,403 Forbidden,0.154,
